,2021-03-31,2022-03-31,2023-03-31
Tax Effect Of Unusual Items,,-174595114.99376,0.0
Tax Rate For Calcs,,0.267784,0.253247
Normalized EBITDA,,7549000000.0,8036900000.0
Total Unusual Items,,-652000000.0,0.0
Total Unusual Items Excluding Goodwill,,-652000000.0,0.0
Net Income From Continuing Operation Net Minority Interest,,4107000000.0,4870400000.0
Reconciled Depreciation,,1055000000.0,1236500000.0
Reconciled Cost Of Revenue,,36786000000.0,46317300000.0
EBIT,,5842000000.0,6800300000.0
Net Interest Income,,-267000000.0,-278200000.0
Interest Expense,,233000000.0,278200000.0
Interest Income,,18000000.0,
Normalized Income,,4584404885.00624,4870400000.0
Net Income From Continuing And Discontinued Operation,,4107000000.0,4870400000.0
Total Expenses,,49584000000.0,63648700000.0
Rent Expense Supplemental,,132000000.0,
Diluted Average Shares,,4415806452.0,4427636364.0
Basic Average Shares,,4415806452.0,4427636364.0
Diluted EPS,,0.93,1.1
Basic EPS,,0.93,1.1
Diluted NI Availto Com Stockholders,,4107000000.0,4870400000.0
Net Income Common Stockholders,,4107000000.0,4870400000.0
Otherunder Preferred Stock Dividend,,0.0,0.0
Net Income,,4107000000.0,4870400000.0
Net Income Including Noncontrolling Interests,,4107000000.0,4870400000.0
Net Income Continuous Operations,,4107000000.0,4870400000.0
Tax Provision,,1502000000.0,1651700000.0
Pretax Income,,5609000000.0,6522100000.0
Other Non Operating Income Expenses,,300200000.0,222900000.0
Special Income Charges,,-652000000.0,0.0
Other Special Charges,,652000000.0,
Net Non Operating Interest Income Expense,,-267000000.0,-278200000.0
Total Other Finance Cost,,52000000.0,
Interest Expense Non Operating,,233000000.0,278200000.0
Interest Income Non Operating,,18000000.0,
Operating Income,,6288000000.0,6577400000.0
Operating Expense,,12798000000.0,17331400000.0
Other Operating Expenses,,2111000000.0,4611800000.0
Depreciation And Amortization In Income Statement,,1055000000.0,1236600000.0
Depreciation Income Statement,,1055000000.0,1236600000.0
Selling General And Administration,,554000000.0,
General And Administrative Expense,,554000000.0,
Rent And Landing Fees,,132000000.0,
Gross Profit,,19086000000.0,23908800000.0
Cost Of Revenue,,36786000000.0,46317300000.0
Total Revenue,,55872000000.0,70226100000.0
Operating Revenue,,55872000000.0,70226100000.0
Ordinary Shares Number,4421107931.0,4421107931.0,4421107932.0
Share Issued,4421107931.0,4421107931.0,4421107932.0
Net Debt,3250000.0,,457300000.0
Total Debt,3530000.0,2828000000.0,3726100000.0
Tangible Book Value,-3610000.0,11146000000.0,13304600000.0
Invested Capital,-80000.0,11339000000.0,14122700000.0
Working Capital,-3620000.0,7776000000.0,8485300000.0
Net Tangible Assets,-3610000.0,11146000000.0,13304600000.0
Capital Lease Obligations,,2635000000.0,2908000000.0
Common Stock Equity,-3610000.0,11146000000.0,13304600000.0
Total Capitalization,-3610000.0,11146000000.0,13382700000.0
Total Equity Gross Minority Interest,-3610000.0,11146000000.0,13304600000.0
Stockholders Equity,-3610000.0,11146000000.0,13304600000.0
Retained Earnings,-4110000.0,4045000000.0,
Capital Stock,500000.0,3158000000.0,4421100000.0
Common Stock,500000.0,3158000000.0,4421100000.0
Total Liabilities Net Minority Interest,3980000.0,14471000000.0,15671900000.0
Total Non Current Liabilities Net Minority Interest,0.0,2520000000.0,2792600000.0
Non Current Pension And Other Postretirement Benefit Plans,,167000000.0,196500000.0
Non Current Deferred Revenue,,167000000.0,140600000.0
Long Term Debt And Capital Lease Obligation,,2097000000.0,2352500000.0
Long Term Capital Lease Obligation,,2097000000.0,2274400000.0
Long Term Debt,,0.0,78100000.0
Current Liabilities,3980000.0,11951000000.0,12879300000.0
Other Current Liabilities,30000.0,418000000.0,634800000.0
Current Debt And Capital Lease Obligation,3530000.0,731000000.0,1373600000.0
Current Capital Lease Obligation,,538000000.0,633600000.0
Current Debt,3530000.0,193000000.0,740000000.0
Pensionand Other Post Retirement Benefit Plans Current,,558000000.0,457400000.0
Current Provisions,,12000000.0,13400000.0
Payables,420000.0,10037000000.0,9257200000.0
Other Payable,80000.0,908000000.0,
Accounts Payable,340000.0,9129000000.0,9257200000.0
Total Assets,370000.0,25617000000.0,28976500000.0
Total Non Current Assets,10000.0,5890000000.0,7611900000.0
Other Non Current Assets,,155100000.0,466800000.0
Non Current Prepaid Assets,10000.0,395000000.0,
Non Current Deferred Taxes Assets,,403000000.0,411200000.0
Investmentin Financial Assets,,0.0,407400000.0
Available For Sale Securities,,318500000.0,407400000.0
Net PPE,,4644000000.0,6062300000.0
Accumulated Depreciation,,-3493000000.0,
Gross PPE,,8137000000.0,6062300000.0
Construction In Progress,,323000000.0,269900000.0
Other Properties,,4321700000.0,5792400000.0
Machinery Furniture Equipment,,4794000000.0,
Buildings And Improvements,,3011000000.0,
Land And Improvements,,9000000.0,
Properties,,0.0,
Current Assets,360000.0,19727000000.0,21364600000.0
Other Current Assets,,515700000.0,775900000.0
Prepaid Assets,80000.0,427000000.0,
Inventory,,9600000000.0,12095800000.0
Finished Goods,,1194000000.0,
Work In Process,,1760000000.0,
Raw Materials,,6646000000.0,
Other Receivables,,147000000.0,41300000.0
Accounts Receivable,,6593000000.0,8004100000.0
Allowance For Doubtful Accounts Receivable,,0.0,
Gross Accounts Receivable,,6593000000.0,
Cash Cash Equivalents And Short Term Investments,280000.0,2960000000.0,447500000.0
Other Short Term Investments,,27000000.0,86700000.0
Cash And Cash Equivalents,280000.0,2933000000.0,360800000.0
Cash Equivalents,,2000000000.0,
Cash Financial,280000.0,933000000.0,
Free Cash Flow,,3993000000.0,250000000.0
Repayment Of Debt,,-679000000.0,-90900000.0
Issuance Of Debt,,0.0,740000000.0
Issuance Of Capital Stock,,0.0,
Capital Expenditure,,-1014000000.0,-1985800000.0
End Cash Position,,2933000000.0,361000000.0
Beginning Cash Position,,373000000.0,2933100000.0
Changes In Cash,,2560000000.0,-2572100000.0
Financing Cash Flow,,-1439000000.0,-2871000000.0
Interest Paid Cff,,-310000000.0,-271900000.0
Cash Dividends Paid,,,-2677200000.0
Net Common Stock Issuance,,0.0,
Common Stock Issuance,,0.0,
Net Issuance Payments Of Debt,,-679000000.0,649100000.0
Net Short Term Debt Issuance,,-679000000.0,649100000.0
Short Term Debt Payments,,-679000000.0,-90900000.0
Short Term Debt Issuance,,0.0,740000000.0
Net Long Term Debt Issuance,,0.0,
Long Term Debt Payments,,0.0,
Investing Cash Flow,,-1008000000.0,-1936900000.0
Interest Received Cfi,,,39900000.0
Net PPE Purchase And Sale,,-1008000000.0,-1976800000.0
Sale Of PPE,,6000000.0,9000000.0
Purchase Of PPE,,-1014000000.0,-1985800000.0
Operating Cash Flow,,5007000000.0,2235800000.0
Taxes Refund Paid,,-1962000000.0,-1775000000.0
Change In Working Capital,,43000000.0,-3924500000.0
Change In Other Current Liabilities,,78000000.0,137100000.0
Change In Other Current Assets,,-214000000.0,-176000000.0
Change In Payable,,1626000000.0,72800000.0
Change In Inventory,,-1614000000.0,-2495900000.0
Change In Receivables,,167000000.0,-1462500000.0
Other Non Cash Items,,227000000.0,160500000.0
Provisionand Write Offof Assets,,,8300000.0
Depreciation And Amortization,,1055000000.0,1236500000.0
Depreciation,,1055000000.0,1236500000.0
Net Foreign Currency Exchange Gain Loss,,37000000.0,14500000.0
Gain Loss On Sale Of PPE,,-2000000.0,-6600000.0
Net Income From Continuing Operations,,6263000000.0,6522100000.0
