,title,source,link,date
5,"2023 Defense Tactical Communication Market Growth Report Size | consumption by Regional data, Business In",Benzinga,news.google.com/articles/CBMimQFodHRwczovL3d3dy5iZW56aW5nYS5jb20vcHJlc3NyZWxlYXNlcy8yMy8wOS8zNDgzNTkzMS8yMDIzLWRlZmVuc2UtdGFjdGljYWwtY29tbXVuaWNhdGlvbi1tYXJrZXQtZ3Jvd3RoLXJlcG9ydC1zaXplLWNvbnN1bXB0aW9uLWJ5LXJlZ2lvbmFsLWRhdGEtYnVzaW5lc3PSAS1odHRwczovL3d3dy5iZW56aW5nYS5jb20vYW1wL2NvbnRlbnQvMzQ4MzU5MzE?hl=en-IN&gl=IN&ceid=IN%3Aen,2023-09-23
0,Operational Intelligence Market Trends: Cloud Deployment ...,GlobeNewswire,news.google.com/articles/CBMioQFodHRwczovL3d3dy5nbG9iZW5ld3N3aXJlLmNvbS9uZXdzLXJlbGVhc2UvMjAyMy8wOS8yMi8yNzQ3ODkyLzAvZW4vT3BlcmF0aW9uYWwtSW50ZWxsaWdlbmNlLU1hcmtldC1UcmVuZHMtQ2xvdWQtRGVwbG95bWVudC1Eb21pbmFuY2UtYW5kLUFzaWEtUGFjaWZpYy1Hcm93dGguaHRtbNIBAA?hl=en-IN&gl=IN&ceid=IN%3Aen,2023-09-22
1,Terrestrial Trunked Radio (TETRA) Market Size & Share 2023|Segment Overview (Type & Application) 2031,Benzinga,news.google.com/articles/CBMikwFodHRwczovL3d3dy5iZW56aW5nYS5jb20vcHJlc3NyZWxlYXNlcy8yMy8wOS8zNDgxMjk5NC90ZXJyZXN0cmlhbC10cnVua2VkLXJhZGlvLXRldHJhLW1hcmtldC1zaXplLXNoYXJlLTIwMjMtc2VnbWVudC1vdmVydmlldy10eXBlLWFwcGxpY2F0aW9uLTIwMzHSAS1odHRwczovL3d3dy5iZW56aW5nYS5jb20vYW1wL2NvbnRlbnQvMzQ4MTI5OTQ?hl=en-IN&gl=IN&ceid=IN%3Aen,2023-09-22
3,TETRA Terminals Market Size & Growth | Research Report [2030],Benzinga,news.google.com/articles/CBMibWh0dHBzOi8vd3d3LmJlbnppbmdhLmNvbS9wcmVzc3JlbGVhc2VzLzIzLzA5LzM0ODEyNzkyL3RldHJhLXRlcm1pbmFscy1tYXJrZXQtc2l6ZS1ncm93dGgtcmVzZWFyY2gtcmVwb3J0LTIwMzDSAS1odHRwczovL3d3dy5iZW56aW5nYS5jb20vYW1wL2NvbnRlbnQvMzQ4MTI3OTI?hl=en-IN&gl=IN&ceid=IN%3Aen,2023-09-22
7,Dismounted Soldier Systems Market With Manufacturing Process and CAGR Forecast | 173 Pages Report,openPR,news.google.com/articles/CBMiYGh0dHBzOi8vd3d3Lm9wZW5wci5jb20vbmV3cy8zMjE4ODg5L2Rpc21vdW50ZWQtc29sZGllci1zeXN0ZW1zLW1hcmtldC13aXRoLW1hbnVmYWN0dXJpbmctcHJvY2Vzc9IBX2h0dHBzOi8vd3d3Lm9wZW5wci5jb20vYW1wLzMyMTg4ODkvZGlzbW91bnRlZC1zb2xkaWVyLXN5c3RlbXMtbWFya2V0LXdpdGgtbWFudWZhY3R1cmluZy1wcm9jZXNz?hl=en-IN&gl=IN&ceid=IN%3Aen,2023-09-22
9,"Coastal Surveillance Market 2023- Industry Analysis, By Key Vendors, Size, Growth Factor And Forecast Til",Benzinga,news.google.com/articles/CBMimQFodHRwczovL3d3dy5iZW56aW5nYS5jb20vcHJlc3NyZWxlYXNlcy8yMy8wOS8zNDgyMDUxOS9jb2FzdGFsLXN1cnZlaWxsYW5jZS1tYXJrZXQtMjAyMy1pbmR1c3RyeS1hbmFseXNpcy1ieS1rZXktdmVuZG9ycy1zaXplLWdyb3d0aC1mYWN0b3ItYW5kLWZvcmVjYXN0LXTSAS1odHRwczovL3d3dy5iZW56aW5nYS5jb20vYW1wL2NvbnRlbnQvMzQ4MjA1MTk?hl=en-IN&gl=IN&ceid=IN%3Aen,2023-09-22
6,Global Vessel Traffic Management Market Size and Forecast | L3 ...,Rouge Fox,news.google.com/articles/CBMiVWh0dHBzOi8vcm91Z2Vmb3guY29tL2dsb2JhbC12ZXNzZWwtdHJhZmZpYy1tYW5hZ2VtZW50LW1hcmtldC1zaXplLXNjb3BlLWFuZC1mb3JlY2FzdC_SAQA?hl=en-IN&gl=IN&ceid=IN%3Aen,2023-09-19
31,Critical Infrastructure Protection Service Market Growth Insights by 2030 | Updated 115+ Pages Report,Benzinga,news.google.com/articles/CBMimAFodHRwczovL3d3dy5iZW56aW5nYS5jb20vcHJlc3NyZWxlYXNlcy8yMy8wOS8zNDY5MjU1Mi9jcml0aWNhbC1pbmZyYXN0cnVjdHVyZS1wcm90ZWN0aW9uLXNlcnZpY2UtbWFya2V0LWdyb3d0aC1pbnNpZ2h0cy1ieS0yMDMwLXVwZGF0ZWQtMTE1LXBhZ2VzLXJlcG9ydNIBLWh0dHBzOi8vd3d3LmJlbnppbmdhLmNvbS9hbXAvY29udGVudC8zNDY5MjU1Mg?hl=en-IN&gl=IN&ceid=IN%3Aen,2023-09-18
20,Defense Tactical Communication Market Size and Regional Outlook Analysis 2023-2030,Benzinga,news.google.com/articles/CBMiiAFodHRwczovL3d3dy5iZW56aW5nYS5jb20vcHJlc3NyZWxlYXNlcy8yMy8wOS8zNDYzMTA0MS9kZWZlbnNlLXRhY3RpY2FsLWNvbW11bmljYXRpb24tbWFya2V0LXNpemUtYW5kLXJlZ2lvbmFsLW91dGxvb2stYW5hbHlzaXMtMjAyMy0yMDMw0gEtaHR0cHM6Ly93d3cuYmVuemluZ2EuY29tL2FtcC9jb250ZW50LzM0NjMxMDQx?hl=en-IN&gl=IN&ceid=IN%3Aen,2023-09-15
2,Battle Management System (BMS) Market 2023 to Witness an ...,GlobeNewswire,news.google.com/articles/CBMi4gFodHRwczovL3d3dy5nbG9iZW5ld3N3aXJlLmNvbS9uZXdzLXJlbGVhc2UvMjAyMy8wOS8xMy8yNzQyMjE4LzAvZW4vQmF0dGxlLU1hbmFnZW1lbnQtU3lzdGVtLUJNUy1NYXJrZXQtMjAyMy10by1XaXRuZXNzLWFuLU91dHN0YW5kaW5nLUdyb3d0aC1EdXJpbmctMjAyMy0yMDI5LU1hcmtldC1TaGFyZS1JbmR1c3RyeS1UcmVuZHMtYW5kLUZ1dHVyZS1TY29wZS1BbmFseXNpcy1SZXNlYXJjaC5odG1s0gEA?hl=en-IN&gl=IN&ceid=IN%3Aen,2023-09-13
