Name,Symbol,Exchange,Website,Description,Sector,Industry,Beta,Dividend Rate,Earnings Growth,Revenue Growth,Shares OutStanding,EPS (trailing),Market Cap,created_on,ROE,ROA,Current Ratio,Net Profit Margin,DE Ratio,Net Income,Free Cash Flow,Debt,Basic EPS,ROCE,% of Shares Held by All Insider,% of Shares Held by Institutions,% of Float Held by Institutions,Number of Institutions Holding Shares,Latest date_only,Latest Close,Latest Volume,Latest Close_ema_12,Latest Close_ema_26,Latest macd,Latest macd_ema_9,Latest rsi,Latest ADX,Latest Close_ema_20,Latest sma_20,Latest Close_ema_5,Latest RollingMean,Latest RollingStd,Latest UpperBand1,Latest LowerBand1,Latest UpperBand2,Latest LowerBand2,Latest symbol,Latest created_on,Close_change_1d,Volume_change_1d,macd_change_1d,macd_ema_9_change_1d,rsi_change_1d,ADX_change_1d,Close_change_5d,Volume_change_5d,macd_change_5d,macd_ema_9_change_5d,rsi_change_5d,ADX_change_5d,Close_change_10d,Volume_change_10d,macd_change_10d,macd_ema_9_change_10d,rsi_change_10d,ADX_change_10d,Close_change_1m,Volume_change_1m,macd_change_1m,macd_ema_9_change_1m,rsi_change_1m,ADX_change_1m,Close_change_3m,Volume_change_3m,macd_change_3m,macd_ema_9_change_3m,rsi_change_3m,ADX_change_3m,Close_change_6m,Volume_change_6m,macd_change_6m,macd_ema_9_change_6m,rsi_change_6m,ADX_change_6m,Close_change_1y,Volume_change_1y,macd_change_1y,macd_ema_9_change_1y,rsi_change_1y,ADX_change_1y,P/E ratio,Sector Median P/E Ratio,Industry Median P/E Ratio,Sector lower P/E Ratio,Sector upper P/E Ratio,Industry upper P/E Ratio,Industry lower P/E Ratio
20 Microns Limited,20MICRONS.NS,NSE,https://www.20microns.com,"20 Microns Limited engages in the industrial micronized minerals and specialty chemicals businesses primarily in India and internationally. The company offers industrial minerals, such as ground calcium, carbonate, dolomite, hydrous and calcined kaolins, talcs, natural barytes, silica/quartz, muscovite mica, feldspar/nepheline syenite, diatomaceous and siliceoaus earth, bentonite and attapulgite, and natural red oxide. It also provides functional additives, including white, buff and colored, rutile TiO2, white pigment opacifiers, synthetic barium sulphate, micronized wax, anti-blocking and rheological additives, matting agents, inorganic thickeners, flame retardants, calcium oxide desiccant, activators for rubber, high aspect ratio talc, sub-micron CaCO3, and decorative colored quartz sand; and fumed, precipitated, and amorphous silica. It serves paints and coatings, inks and pigments, plastics and polymer, paper, rubber, cosmetics, ceramics, adhesive and sealant, oil-well drilling, agrochemicals, and foundry and other industries. 20 Microns Limited was incorporated in 1987 and is headquartered in Vadodara, India.",Basic Materials,Other Industrial Metals & Mining,0.50848,0.75,-0.123,0.005,35286500,11.85,4114405888,2023-07-31 20:26:47.475935,-0.824985704,0.023723145,0.122147781,0.003034324,-0.181377521,72337000.0,427816000.0,-400486000.0,2.05,0.042759729,55.15,0.0,0.0,0,2023-08-02,112.0500030517578,112570,110.17566561970452,104.19742518275004,5.9782404369544935,4.804280252329823,63.46225354889062,41.44024952241875,106.31042325112988,103.2846794128418,114.02971424077802,103.2846794128418,10.19230542859172,113.47698484143352,93.09237398425007,123.66929027002524,82.90006855565835,20MICRONS.NS,2023-08-03 03:34:27.421295,-1.97,593.29,-0.2874176055109387,0.293490046156168,-4.698076441121209,-0.2809824202781925,-3.57,-72.85,1.774177188284682,2.550665599245426,-18.991809939713526,7.54304662431165,12.58,-41.29,4.628655785243268,3.9435282305944304,-0.45840639827356,16.794883124689626,20.01,-38.73,4.800628807358251,2.6698461945901406,12.787473473520564,6.151047709768754,33.58,40.28,3.099173171258684,1.893429559795742,-0.6029200065515354,3.4747833453784693,44.35,-11.32,8.424365626558242,6.107248943868916,38.23653180787577,24.4377994110185,13.26,-82.44,-0.5910989237684419,0.8061180890094217,-7.8645859641129405,2.8676330876866345,9.45569646006395,31.32890365448505,9.45569646006395,26.954262215600828,32.238895040061095,9.45569646006395,9.45569646006395
Aarti Industries Limited,AARTIIND.NS,NSE,https://www.aarti-industries.com,"Aarti Industries Limited manufactures and sells specialty chemicals and pharmaceuticals in India. The company offers di chloro benzene, nitro chloro and nitro benzene, nitro toluenes, sulphur, and other organic and inorganic products that are used in various processes, such as chlorination, nitration, hydrogenation, ammonolysis, halex, dinitro chlorination, alkylation, hydrolysis, methoxylation, esterification, diazotization, sulphonation, condensation, n-alkylation, and oxidation. It also provides end use products comprising dyes, basic pharma, pigments, agro chemicals, polymers, fertilizers, UV absorbers, plasticizers, specialty chemicals, flavour fragrance and food beverage products, and refinery and oil field chemicals, as well as intermediates for the manufacture of pharmaceuticals, agri-products, polymers, additives, pigments, and dyes. In addition, the company offers other specialty chemical products, such as single super phosphate, export grade calcium chloride granules, fuel additives, and phthalates; and sulphuric acid products. It also exports its products to approximately 60 countries in the United States, Europe, China, Japan, and internationally. The company was incorporated in 1984 and is headquartered in Mumbai, India.",Basic Materials,Specialty Chemicals,0.578697,4.0,1.055,0.968,362504000,15.05,169524854784,2023-07-31 20:26:47.475935,4.502962619,-0.071628396,-0.517264107,-0.139541417,0.151308882,-7621900000.0,8198100000.0,3073300000.0,-17.67,-0.088181954,44.01,22.56,40.29,69,2023-08-02,471.5,1725425,467.040604945477,473.5982858399134,-6.5576808944363165,-9.74462541345802,48.09291591026828,21.236840910242645,470.1638250202108,462.6889144897461,469.04345111284135,462.6889144897461,9.42090450192123,472.10981899166734,453.2680099878248,481.5307234935885,443.8471054859036,AARTIIND.NS,2023-08-03 03:34:27.421295,-1.14,8.94,0.9786619680154444,0.7967361297554234,-3.7150050072773766,-0.7678866161604567,1.9,175.04,4.557969220635584,2.78500959034465,8.51876223907874,-3.812084545887515,1.35,122.6,8.104935378607934,3.849813884758024,9.331236007257855,-6.037431494173969,-6.19,95.78,-3.740689158077259,-8.059513041201884,5.347320450901016,8.457100466145512,-14.94,210.63,-14.090826107432918,-15.608997625498391,-11.576548173092483,-7.347931042148044,-10.83,181.89,18.322816177948084,11.805509836568175,26.86045414143172,-33.382798989580664,-41.57,30.07,-24.492843328745156,-20.34629697946103,-20.693135457922292,-2.7783158660180263,31.32890365448505,31.32890365448505,33.60388211842516,26.954262215600828,32.238895040061095,34.058877811213186,33.148886425637144
Aarti Surfactants Limited,AARTISURF.NS,NSE,https://www.aarti-surfactants.com,"Aarti Surfactants Limited, together with its subsidiary, Aarti HPC limited, produces and supplies ionic and non-ionic, and specialty surfactants for the home and personal care, agro and oil, and industrial applications in India and internationally. The company's products include surfactants, mild surfactants, rheology modifiers, pearlizing agents, UV filters, preservatives, syndet and soap bases, and active ingredients, as well as conditioning agents, blends, proteins, and quats. It serves skin care, oral, hair, cosmetics, bath and shower, sun care, fabric/laundry care, dishwashing, toilet care, and surface care markets. The company was formerly known as Arti Surfactants Limited. Aarti Surfactants Limited was incorporated in 2018 and is headquartered in Mumbai, India.",Basic Materials,Specialty Chemicals,Not Found,Not Found,Not Found,Not Found,8476770,16.84,5136075264,2023-07-31 20:26:47.475935,-11.5098622,0.017924865,0.088150715,0.01149493,-0.152587676,72097000.0,131544000.0,77597000.0,9.4,0.049820976,53.32,0.01,0.01,1,2023-08-02,604.2000122070312,12227,610.2861889330019,614.2154194570547,-3.929230524052855,-3.659354125627764,43.46249034851149,24.61083677546186,612.7747603130025,611.970004272461,607.6705846987323,611.970004272461,6.338051428140617,618.3080557006016,605.6319528443204,624.6461071287422,599.2939014161798,AARTISURF.NS,2023-08-03 03:34:27.421295,-0.78,6.11,-0.3053450065382321,-0.067469099606273,-2.6061200605913086,0.0620577465296996,-1.75,-59.37,-1.126639050268068,0.1070288035164348,-5.0537334801835385,3.528325250665308,-0.88,37.94,0.9213342090104106,-0.127106671554201,-0.8186934378707278,5.858103881032029,-1.31,-11.22,-4.0955549932976965,-8.082343619779817,-0.1534931890506712,-6.386840250861379,-9.27,-71.83,-40.90091380042065,-30.809217505553,-26.136706395657622,-15.725022580235136,9.86,-36.78,21.986820142651936,17.835549806748247,16.285820116593968,7.201161717260341,-25.62,-72.66,-28.92723412996588,-23.26953080866817,-31.255551370417265,-12.089186253369686,35.87886058236528,31.32890365448505,33.60388211842516,26.954262215600828,32.238895040061095,34.058877811213186,33.148886425637144
Twentyfirst Century Management Services Limited,21STCENMGM.NS,NSE,https://www.tcms.bz,"Twentyfirst Century Management Services Limited invests in capital and debt instruments in India. The company invests and trades in shares and derivatives in the capital, and futures and options markets. Twentyfirst Century Management Services Limited was incorporated in 1986 and is based in Mumbai, India.",Financial Services,Capital Markets,0.420624,Not Found,Not Found,Not Found,10500000,-17.54,219899664,2023-07-31 20:26:47.475935,-3.225444094,-0.919475607,-1.553416229,0.500402136,0.450296349,-327214000.0,-298311000.0,90000000.0,,-1.343004896,64.33,0.0,0.0,0,2023-08-02,20.75,3777,20.891712508832494,20.78192327821293,0.1097892306195689,0.1552163142012601,49.80794626609861,19.45767947278254,20.85088240273837,20.6774998664856,20.85111332853235,20.6774998664856,0.7512228784602556,21.42872274494585,19.926276988025343,22.17994562340611,19.175054109565085,21STCENMGM.NS,2023-08-03 03:34:27.421295,1.72,88.19,-0.023212048439781,-0.0113567708954227,3.695807048544332,-1.1834414001021898,-5.68,-5.72,-0.0873917949248763,0.0224189339423687,-14.293931981449925,-4.392702705107514,3.75,858.63,0.1995702903136376,-0.1045150500936856,5.043582087262784,-9.04207676630671,-9.19,259.03,-1.0894790767316884,-0.7132758077214523,-28.16057779551722,-23.73139350784312,10.37,130.02,0.2120387406908044,0.0098426821697815,8.252408204950008,-6.362010051714385,0.0,-55.17,0.4833088021636484,0.3766252173162051,20.891941442451877,3.729450524767609,-13.18,-41.63,0.1117510583128194,-0.0247864232865835,8.937282025491676,-0.3540140979345594,-1.1830102622576968,27.03585476255401,13.20341394548109,26.703464728154486,27.36824479695353,16.080698787028847,10.326129103933333
5paisa Capital Limited,5PAISA.NS,NSE,https://www.5paisa.com,"5paisa Capital Limited provides an online technology platform for trading in National Stock Exchange of India Limited, BSE Limited, and MCX. The company offers financial services, including online discounted stock broking, depository services; distributes mutual funds, bonds, and debentures, as well as insurance products; and provides equity and mutual fund research, investment advisory services, etc. It also provides peer-to-peer lending services through its website 5paisaloans.com; and mobile app 5Paisa Loans. The company offers its services through a web-based trading terminal, mobile application, and a state of the art call and trade unit. It serves retail investors and high-volume traders. The company was incorporated in 2007 and is headquartered in Thane, India.",Financial Services,Capital Markets,1.264925,Not Found,0.884,0.027,30635600,16.14,14040550400,2023-07-31 20:26:47.475935,-16.52600806,0.017834365,23.61094117,0.06457678,-0.380557701,295598000.0,1591114000.0,-1096926000.0,9.23,-0.058084028,61.86,21.17,55.49,3,2023-08-02,445.2999877929688,104624,438.62623126931067,415.9403115092439,22.68591976006678,19.78304889636416,61.84513850800404,45.1805541189218,424.5879657137921,421.07249755859374,452.32296334285127,421.07249755859374,29.97720475214057,451.0497023107343,391.0952928064532,481.0269070628749,361.1180880543126,5PAISA.NS,2023-08-03 03:34:27.421295,-3.05,40.6,-1.1353638256692309,0.7257177159256578,-6.89849108486068,-0.5455259517705571,-4.05,-87.2,4.960164025364065,6.276333853745896,-13.20777334895574,3.8141123337760376,12.89,32.28,10.800983417299848,6.510695693980443,4.989475571095504,5.384172107560282,21.47,23.77,15.786607203553388,10.693485080241448,3.3402497422244157,9.316158751013807,44.65,-33.14,18.17103888144885,16.796344202166235,-4.494344870798429,12.707143454844378,50.62,435.35,26.987101897668367,22.419117553225824,26.959166184068607,30.31331711623214,56.49,210.01,26.43614456349877,24.39831413991822,13.54420019658602,32.71658869857868,27.589838153219876,27.03585476255401,13.20341394548109,26.703464728154486,27.36824479695353,16.080698787028847,10.326129103933333
360 One Wam Limited,360ONE.NS,NSE,https://www.360.one,"360 One Wam Limited offers wealth and asset management services primarily in India. The company operates through Wealth Management and Asset Management segments. It offers wealth management products and services, such as financial product distribution; advisory, equity and debt broking, and estate planning services; financial products management; and lending and investment services. The company also provides asset management solutions, including mutual funds, alternative asset funds, portfolio management, and related services. It serves professionals, industrialists, corporate treasuries, senior executives, large traders, funds, endowments, family offices, and entrepreneurs. The company was formerly known as IIFL Wealth Management Limited and changed its name to 360 One Wam Limited in January 2023. 360 One Wam Limited was incorporated in 2008 and is based in Mumbai, India.",Financial Services,Asset Management,Not Found,20.25,Not Found,Not Found,357087008,19.03,186274447360,2023-07-31 20:26:47.475935,-0.443349466,0.004989865,9.32764605,0.01742129,0.272577643,801920000.0,-23283350000.0,10824560000.0,2.16,-0.094037595,27.07,58.23,79.84,50,2023-08-02,503.9500122070313,70412,509.1719741838277,494.04004234987485,15.13193183395282,17.807571751329586,57.5542682473802,51.78956322182694,500.867918436773,504.8788192749024,511.8325350373354,504.8788192749024,14.303603011528308,519.1824222864307,490.5752162633741,533.4860252979589,476.27161325184574,360ONE.NS,2023-08-03 03:34:27.421295,-2.78,-77.98,-1.7422452207173365,-0.668909979344189,-12.932531516116676,-0.8913218628228492,-0.99,-41.7,-4.422482345701042,-2.2192881226245724,-11.172145057321424,0.5365562332070439,-1.57,-63.46,-6.504268833525657,-0.8765158685446792,-21.15306495137009,8.689944855847976,6.77,-77.56,3.399741129582992,8.96011990906116,-25.10173922081997,28.20326895449724,22.64,-60.04,19.880828937684555,23.446875895332266,10.176956382479588,24.02034314344954,11.23,-69.62,7.419444776566081,11.23739663253575,4.239856309834401,20.20334049218775,27.58,-70.7,5.253722612241347,8.811380607883558,-4.05905041684742,17.648851734934986,26.48187137188814,27.03585476255401,26.48187137188814,26.703464728154486,27.36824479695353,26.48187137188814,26.48187137188814
Aavas Financiers Limited,AAVAS.NS,NSE,https://www.aavas.in,"Aavas Financiers Limited provides housing loans to customers belonging to low- and middle-income self-employed customers in semi-urban and rural areas in India. It offers home loans for flats, houses, and bungalows, as well as resale properties; land purchase and construction loans, including finance for self-construction of residential house; and home improvement loans, including loans for tiling or flooring, plaster, painting, etc. The company also provides home equity loans; and micro, small, and medium enterprise loans for business expansion, purchase of equipment, working capital, etc., as well as home loan balance transfer, and emergency credit line guarantee scheme products. The company was formerly known as AU Housing Finance Limited and changed its name to Aavas Financiers Limited in May 2017. Aavas Financiers Limited was incorporated in 2011 and is based in Jaipur, India.",Financial Services,Mortgage Finance,0.669267,Not Found,0.099,0.106,79085696,55.86,122487930880,2023-07-31 20:26:47.475935,-0.291253245,-0.00019792,1493.947684,-0.022910535,0.169081958,744632000.0,-8027472000.0,18752988000.0,,-0.017539237,24.55,44.27,58.68,62,2023-08-02,1559.6500244140625,185764,1569.1053583059802,1542.1290108992434,26.97634740673675,33.893619361872275,54.02484446259754,30.48187224327159,1554.071370092371,1564.8675048828125,1568.6022540930894,1564.8675048828125,27.758222405481263,1592.6257272882938,1537.1092824773311,1620.3839496937749,1509.35106007185,AAVAS.NS,2023-08-03 03:34:27.421295,0.25,61.76,-3.12083269789764,-1.7293179887838832,0.7143660831714342,-0.992063478900686,-3.5,-5.1,-14.361844436430374,-2.886391324427493,-16.14751370616719,-5.01292744629329,1.12,109.64,-7.224761452189341,0.6244722292076403,-6.244262048881055,-3.6273410048928696,1.54,-71.93,8.011740953086928,40.53202650690356,-18.595243376672187,0.6755827598494797,11.47,-23.6,111.91276176906854,89.38404858452793,28.804433168833853,-6.30047865828314,-16.15,51.49,29.90244097047889,47.311110885164666,3.521200088790636,14.901569493673149,-34.38,289.22,-65.19454509303296,-27.485906912925596,-15.695998395415812,-3.586092748404944,27.92069503068497,27.03585476255401,27.92069503068497,26.703464728154486,27.36824479695353,27.92069503068497,27.92069503068497
3i Infotech Limited,3IINFOLTD.NS,NSE,https://www.3i-infotech.com,"3i Infotech Limited provides IP based software solutions and information technology services in India, North America, the Asia Pacific, the Middle East, Africa, Europe, the Kingdom of Saudi Arabia, and South Asia. It operates through two segments, IT Solutions and Transaction Services. The company offers NuRe Edge, a 5G-ready platform that provides consolidated secure access services in one single platform; NuRe desk that provides zero trust-based end user computing solutions; NuRe 3i, a solution that designs, constructs, and manages full-stack cloud solutions, including maintenance of crucial operational applications supporting the eco-system in the cloud; NuRe 3i+, an enterprise-grade cloud converged infrastructure that allows customers to consolidate business critical middleware and application workloads on the Oracle OCI or at the edge; and NuRe Velocity, an ecosystem of people, processes, and technology that supports back office, front office, and middle-order processes. It also offers enterprise services, such as digital application management and digital infrastructure management services; digital business services that includes cloud first, digital business process services, and digital collection; future tech services, such as 5G tech solution and service enabler, and lab and cognitive services; intelligent automation that includes robotics process and hyper automation, testing and quality assurance, and data and analytics, as well as biometrics identity management. The company serves customers in banking, insurance, media and entertainment, capital markets, asset and wealth management, government, manufacturing, retail, distribution, telecom, and healthcare industry verticals. 3i Infotech Limited was incorporated in 1993 and is headquartered in Navi Mumbai, India.",Technology,Information Technology Services,0.983039,Not Found,Not Found,0.084,168466000,0.08,5864322048,2023-07-31 20:26:47.475935,481.4508509,0.061273535,-1.690713759,0.086796508,-0.014229091,588600000.0,316200000.0,-194000000.0,3.52,0.078048921,18.77,0.63,0.78,4,2023-08-02,34.349998474121094,538227,34.25381734553423,34.076127606115094,0.1776897394191365,0.1592629934033777,51.918851586409744,24.782306544137665,34.15501971774542,34.01249961853027,34.396749320930965,34.01249961853027,0.67334110243442,34.68584072096469,33.33915851609585,35.35918182339911,32.66581741366143,3IINFOLTD.NS,2023-08-03 03:34:27.421295,-1.72,-46.17,-0.0044221915155944,0.0046066865039397,-4.17257930227504,0.2465621301939471,0.29,69.04,0.0119521582252346,-0.0254637881603198,-0.1963359351348401,2.5499554142909453,-0.58,46.59,-0.0088385015016712,-0.0176633913359771,-2.640516249224177,4.339640591947823,1.18,35.69,-0.4153879447920445,-0.5177963943224323,0.9860974781173724,-2.6780495728670246,2.23,58.51,-0.0077568460007526,0.0959335628956373,-3.799814053635373,8.722131900786849,-6.91,31.09,1.0608940527698394,0.7567584263675773,28.35205672678488,4.57826586136655,-18.51,17.38,0.5664122538034704,0.5459826988330688,5.243593547588162,11.608909799944662,429.3749809265137,24.01785680225917,226.69641886438643,6.259739987261895,105.08928162711005,267.23213127681186,186.16070645196098
AAA Technologies Limited,AAATECH.NS,NSE,https://www.aaatechnologies.co.in,"AAA Technologies Limited offers information technology (IT), and information security auditing and consulting services in India. The company offers information systems (IS) audit services, including operating systems, data base, networking, firewall, IDS, web application, data center, ATM, ERP, Internet banking, banking, performance, forensic, and data migration audit, as well as application systems functional review, and IS policies and procedures compliance services. It also provides information security services in the areas of penetration testing, application systems security review, IS controls review, BS 7799/ ISO 27001 implementation, IS security policy formation, and compliance with IS policies and procedures. In addition, the company offers IT assurance services, such as business continuity planning, computer crime investigation, information technology training, and IS policies and procedures compliance services; and IT governance services in various models. It serves clients in the various sectors, such as banks, insurance, NBFCs, stock exchange brokers, refineries, government, defense, education, travel and transport, hospitality, telecom, manufacturing, infrastructure, healthcare, information technology, IT enabled services, and regulatory authorities. AAA Technologies Limited was incorporated in 2000 and is based in Mumbai, India.",Technology,Information Technology Services,0.211654,0.33,-0.295,0.649,12826800,2.24,693929856,2023-07-31 20:26:47.475935,-3.12185299,0.03172336,3.830988858,-0.014280626,,8667000.0,-2016000.0,,0.42,0.037477405,74.89,0.0,0.0,0,2023-08-02,53.79999923706055,11841,53.65006935914305,53.9733334622982,-0.3232641031551466,-0.435482654012563,49.231830248835365,23.963184903268047,53.8089359092802,53.579999923706055,53.6629097962415,53.579999923706055,1.011955033467885,54.59195495717394,52.56804489023817,55.603909990641824,51.556089856770285,AAATECH.NS,2023-08-03 03:34:27.421295,0.65,69.01,0.0411267158221875,0.028054637714354,1.2920862230984014,0.9937204495991772,0.56,-20.33,0.1888332755198689,0.1128824111292484,1.1855706573049716,4.345943542168271,3.36,-21.49,0.505223875783102,0.2173983474025601,8.01971531469102,13.193799049674316,-2.0,-27.32,0.160821887282772,0.1817320999828153,0.9180617078732992,7.767616776267133,-9.96,-28.1,-1.4587252003238689,-0.8457426357753237,-13.221443631537738,3.233574599899047,-14.74,-61.5,-0.455205269088637,-0.541725494046414,-0.1764450134272266,1.2585481714456108,-50.94,-50.66,-9.26208225421056,-9.327801810520953,-18.21232881810637,-23.91272342115091,24.01785680225917,24.01785680225917,226.69641886438643,6.259739987261895,105.08928162711005,267.23213127681186,186.16070645196098
63 moons technologies limited,63MOONS.NS,NSE,https://www.63moons.com,"63 moons technologies limited provides computer programming, consulting, and related services in India and internationally. The company provides DOME, an online trading software; POWERARMS, an electronic trading, risk management, and clearing and settlement platform for energy markets; MARKETXSTREAM that provides advanced analytics and quantification; FOVEA, an agile risk management solution; and CNS, a clearing and settlement application. It also provides Risk Management solution to identify and mitigate risks; DMATS, a depository for multi asset transaction system; e-KYC, an online client on-boarding solution; Trading core, an order management and risk management system; a web-based trading platforms under the TRADEDART, Dealer, and Diet names. In addition, the company offers Program Trading, an ultra-low latency high frequency trading platform; Aero; Institutional, an execution solution; Protector, a post-trade risk management solution; Match for end-to-end post-trade; STP-Gate, a single window post-trade transaction processing service; and e-Hastakshar, a digital document signing solution. Further, it provides Voice Cast, a voice messaging service; BTS clous services, an IT infrastructure and application management solution; Tech Trader that automates trading; Voice Logger, a call management and recording solution; mutual fund solution; wave 2.0, a mobile trading application; and Riskalculator and DataCollector. Further, it provides trading, procurement, process management, risk consultancy, shared business support, IT infrastructure sharing, NBFC, Internet telecommunication, training, and certification and franchise services. The company was formerly known as Financial Technologies (India) Limited and changed its name to 63 moons technologies limited in May 2016. 63 moons technologies limited was incorporated in 1988 and is based in Mumbai, India.",Technology,Software—Application,0.889416,Not Found,Not Found,1.638,46078500,-3.52,11069905920,2023-07-31 20:26:47.475935,-132.76914,0.011080694,-1.355362819,0.276522791,0.001258655,368646000.0,1793288000.0,39224000.0,8.0,0.030198317,63.24,2.89,7.87,4,2023-08-02,228.0,160976,241.23373738134217,234.5848924365471,6.648844944795059,12.193755262054458,46.66726668358972,32.43029325860121,238.69493659511343,248.0099998474121,236.00893032268397,248.0099998474121,11.79614792943791,259.80614777685,236.21385191797415,271.6022957062879,224.4177039885363,63MOONS.NS,2023-08-03 03:34:27.421295,-2.52,69.21,-1.8793426744111343,-1.3862275793148484,-3.1069407583532325,-2.1245648345990062,-6.58,-13.16,-8.525999931290983,-6.0028528571834325,-9.691420416828748,-10.089448583010444,-9.16,33.8,-14.121485893904634,-7.947817339564088,-16.334568599165046,-12.020840243233003,1.42,-75.0,-6.676096663468684,5.997277353278713,-24.151997422649814,0.1881510696577493,34.47,238.4,9.44558188924296,15.628749382685868,0.0329589057406138,18.78893966645204,41.88,14.11,5.174785518710166,9.805893715942055,0.7152929639763954,2.9592234947482616,18.07,68.46,3.984853250264763,9.410935657967263,-12.29837458423421,12.087951371861251,-64.77272727272727,24.01785680225917,-64.77272727272727,6.259739987261895,105.08928162711005,-64.77272727272727,-64.77272727272727
3M India Limited,3MINDIA.NS,NSE,https://www.3mindia.in,"3M India Limited engages in the manufacture and trade of various products for health care, manufacturing, automotive, safety, electronics, energy, commercial solutions, transportation, and design and construction industries in India. The company operates through four segments: Safety and Industrial, Health Care, Transportation and Electronics, and Consumer. The Safety and Industrial segment offers vinyl, polyester, foil, and specialty industrial tapes and adhesives, such as scotch masking tapes, scotch filament and packaging tapes, functional and decorative graphics, abrasion-resistant films, masking tapes, and other specialty materials. This segment serves industrial, electrical, vehicle maintenance, and safety markets. The Health Care segment provides medical and surgical supplies; medical devices; skin and wound care, as well as infection prevention products and solutions; drug delivery systems; dental and orthodontic products; and food safety products. The Transportation and Electronics segment offers personal protection products, brand and asset protection solutions, border control products, passive fire protection products for industries and commercial establishments, track and trace products, and cleaning and hygiene products for the hospitality industry, as well as traffic signs, and pavement marking and vehicle registration products and services; films, inks, and digital signage products; wall and glass cladding products; and projection systems, computer and ATM-screen privacy filters, and brightness enhancement films. The Consumer segment provides home and office tapes, adhesives, and packaging protection platforms under the Scotch brand; note pads, dispensers, flagging solution, and labels under the Post-it brand; and stain protection products under the Scotchguard brand. It also exports its products. The company was incorporated in 1987 and is based in Bengaluru, India. 3M India Limited is a subsidiary of 3M Company.",Industrials,Conglomerates,0.283921,200.0,0.224,0.13,11265100,399.22,325815435264,2023-07-31 20:26:47.475935,-4.309405778,0.075678703,-1.034549526,0.032335416,0.004690817,1790481000.0,1481914000.0,21729000.0,158.94,0.189256427,76.48,10.29,43.74,54,2023-08-02,28267.150390625,3309,28130.430632458058,27725.886618147877,404.54401431018414,430.9145767795087,56.89655020198618,23.81076703938476,27915.78678183684,27973.94638671875,28317.898684305223,27973.94638671875,488.709748327366,28462.65613504612,27485.236638391387,28951.365883373484,26996.52689006402,3MINDIA.NS,2023-08-03 03:34:27.421295,-1.13,-76.41,-18.442963949637488,-6.592640617331085,-4.416061974528269,-1.2304683641612222,1.11,111.03,-21.519413638787228,-67.31572405006699,-0.4973234710343277,-3.4313756053927733,1.99,140.13,-125.74719142143294,-152.1405400330142,0.3640563949987765,-8.01933308581729,4.56,25.48,-237.67886480088052,-363.0118797816615,-0.910829288388122,-19.65381082635451,27.15,44.81,508.4786271669327,497.4470874846192,12.279688527154384,2.571160899757196,24.98,206.39,363.2920201921843,440.5749129421563,1.681002113175424,10.78490227633839,29.55,23.29,4.514854854602163,-66.0968561719352,1.0325698922654496,2.011919730976455,70.80594757433245,34.91586775631129,70.80594757433245,27.73785179270706,42.093883719915524,70.80594757433245,70.80594757433245
A2Z Infra Engineering Limited,A2ZINFRA.NS,NSE,https://www.a2zgroup.co.in,"A2Z Infra Engineering Limited offers engineering, procurement, construction, and facility management services in India and internationally. The company operates through Engineering Services, Facility Management Services, Power Generation Projects, Municipal Solid Waste Management, and Others segments. It offers integrated design, testing, installation, construction, and commissioning services, as well as telecom infrastructure projects. The company's activities include rural and railway electrification, reduction of AT&C losses, and feeder renovation and segregation; underground cabling; installation of high and low voltage distribution system; erection of distribution lines; renewable energy; construction of substations and transmission lines; and operation and maintenance of electric utilities. It also provides system integration of IT projects; and optical fiber cable NLD/access networking construction and maintenance, network integration, telecom infrastructure operation and maintenance, material planning and project management, radio frequency engineering, and engineering construction and infrastructure services. In addition, the company is involved in the collection, transportation, treatment, and disposal of solid waste generated in cities; trade of goods; rental of equipment; manufacture of electrical equipment; and provision of operation and maintenance services, etc. Further, it provides facility management services for corporate offices, malls, railways stations and coaches, airports, ports, other commercial establishments, monuments, and parks and beaches; operates sewage network and treatment plants, gas distribution networks, and metro projects; and offers power and renewable energy generation services. The company was formerly known as A2Z Maintenance & Engineering Services Limited and changed its name to A2Z Infra Engineering Limited in October 2014. A2Z Infra Engineering Limited was incorporated in 2002 and is based in Gurugram, India.",Industrials,Engineering & Construction,0.790705,Not Found,Not Found,-0.082,176120000,-6.98,1215228032,2023-07-31 20:26:47.475935,0.575006849,0.001986385,-0.022609693,0.158433621,5.761691466,569897000.0,-226810000.0,-805565000.0,3.24,-0.326272565,36.81,0.0,0.0,0,2023-08-02,6.800000190734863,73516,6.917423758757234,7.0280796115702895,-0.1106558528130552,-0.1213499452389064,40.8256187997976,17.19917279269708,6.983862845876584,6.927500033378601,6.876226076273548,6.927500033378601,0.1105904864999667,7.038090519878568,6.816909546878635,7.148681006378535,6.706319060378668,A2ZINFRA.NS,2023-08-03 03:34:27.421295,-1.45,-26.23,-0.0031033859735973,0.0026735231064628,-3.202046909079769,-0.1202142632817171,-4.23,-14.21,0.0165394606666708,0.019872666378924,-9.128114918451807,-1.823703777119512,0.0,-49.86,0.0594053489849546,-0.001503641559652,4.066001184542436,-3.019453246806094,-6.85,-80.2,-0.1295691664978671,-0.2562297353053608,-4.599677512928665,-3.4495615598677176,5.43,-69.07,0.0324995158086602,0.0190246624606744,-1.892199786573869,-4.121074756063816,-22.73,-77.91,0.1811758220988366,0.1335010583550631,12.444117540500166,1.8645630516628788,-47.89,-92.21,-0.4233024459280994,-0.2711701608867553,-30.490749668599243,-5.599829428000692,-0.9742120617098657,34.91586775631129,-0.9742120617098657,27.73785179270706,42.093883719915524,-0.9742120617098657,-0.9742120617098657
Aarey Drugs & Pharmaceuticals Limited,AAREYDRUGS.NS,NSE,https://www.aareydrugs.com,"Aarey Drugs & Pharmaceuticals Limited engages in the manufacture and sale of active pharmaceutical ingredients, intermediates, and specialty chemicals for various industrial applications in India. The company provides mono methyl and die methyl urea, ortho para nitro anisole, 2 bromomethyl 1, and 3 dioxalane and uracile, as well as active pharma ingredients, such as metformin HCL, mefenamic acid, and doxophylline. It also offers chemicals and solvents, including aeromatics chemicals, chemical acids, chlor alkalies, glycols and glycol ethers, fiber intermediates, acetates and esters, and chlorinated solvents, as well as industrial alchols, ketones, amines, oleochemicals, intermediates, olefines, phosphates, fertilizers, monomers, and chemicals. The company's pharmaceutical products are used by pharmaceutical formulation manufacturers and pharmaceutical merchant exporters. It also trades in industrial solvents and chemicals. Aarey Drugs & Pharmaceuticals Limited was incorporated in 1990 and is headquartered in Mumbai, India.",Healthcare,Drug Manufacturers—Specialty & Generic,0.984735,Not Found,Not Found,0.314,25384700,1.44,999505728,2023-07-31 20:26:47.475935,13.72682358,-0.013731511,-0.130475977,-0.004196341,0.196611883,-27681968.0,43692291.0,235556145.0,-1.23,-0.031634914,54.53,3.93,8.63,1,2023-08-02,38.0,174624,35.24179775355924,33.99175892873286,1.2500388248263832,0.6775311485488236,66.96378682364167,29.952894788776742,34.41815510757876,33.845000171661376,36.96774574383325,33.845000171661376,2.2176266419156137,36.06262681357699,31.62737352974576,38.280253455492605,29.40974688783015,AAREYDRUGS.NS,2023-08-03 03:34:27.421295,-3.06,-73.2,0.1808320318333116,0.14312691906939,-6.851565728398825,1.1154056704107376,17.28,361.18,1.0902518506148835,0.2864772953961721,18.664623653178214,0.3776680753099093,14.46,280.8,0.8152710468063376,0.064674095364908,11.61146210241658,-4.797394262268309,12.09,23.92,0.0967441489940839,-0.4984359627777808,3.805939197560164,-6.180466276547751,34.99,460.52,1.0718569290465254,0.7022167621525292,11.674706787433545,11.129076960636183,12.09,321.5,2.095015329565605,1.1566140415730946,42.799875189245455,9.62264588960511,2.98,274.99,0.8815888322702392,0.4347401672210272,5.845950218564767,13.541159266377583,26.38888888888889,26.38888888888889,26.38888888888889,24.34184473171996,27.292225788170256,27.292225788170256,24.34184473171996
Aarti Drugs Limited,AARTIDRUGS.NS,NSE,https://www.aartidrugs.co.in,"Aarti Drugs Limited, through its subsidiaries, engages in the pharmaceuticals business in India and internationally. The company offers active pharmaceutical ingredients in various therapeutic categories, including anti-inflammatory, cardioprotectants, antidiarrhoeals, antifungals, antiarthritis/osteoporosis, antibiotics, antidiabetics, Alzheimer's treatment, sedatives, vitamins, and alcoholism treatment; and pharmaceutical intermediate products comprising tinidazole, celecoxib, ciprofloxacin, clopidogrel, diclofenac, ketoconazole, nimesulide, and raloxifene. It also offers specialty chemical products, such as benzene sulphonyl chloride, benzene sulphonic acid, benzene sulphonic acid methylester, sodium benzene sulfinate, para toluene sulphonyl chloride, para toluene sulphonic acid methylester, 4-toluene sulfonyl)-diethylenetriamine, sodium para toluene sulfinate, para toluene sulphonyl hydrazide, di-phenyl sulphone, formamide, ammonium sulfate, calcium fluoride, benzene sulphonic acid sodium salt, benzyl nicotinate, methyl nicotinate, ethyl para toluene sulphonate, N-methyl methane sulfonamide, benzene sulphonamide, 2-phenoxy methane sulphanilide, para toluene sulfonamides, para chloro benzene sulphonamide, para chloro benzene sulphonyl chloride, ortho para toluene sulfonamides, ortho para toluene sulfonamides acid methyl ester, and N-methyl methane sulfonamides. In addition, the company's products under development comprise Itraconazole and Fluconazole for antifungal; Dabigatran for use as an anticoagulant; Ticagrelor for cardiovascular diseases; Sitagliptin for use as an antidiabetics; and Alpha Lipoic Acid for antioxidants. Further, it offers contract manufacturing services. Aarti Drugs Limited was incorporated in 1984 and is headquartered in Mumbai, India.",Healthcare,Drug Manufacturers—Specialty & Generic,Not Found,1.0,Not Found,Not Found,92600000,19.38,55073570816,2023-07-31 20:26:47.475935,2.115455356,-0.024180028,0.117332098,-0.021157323,-0.013124104,-387286000.0,518692000.0,660947000.0,-4.15,-0.05629698,65.76,5.43,15.87,20,2023-08-02,598.9500122070312,1519267,568.9622769279056,533.4118421385555,35.550434789350106,29.729486675967348,74.37914029930718,50.36712131595165,546.1730219787477,533.8100006103516,592.0871455811143,533.8100006103516,53.94742215704073,587.7574227673923,479.8625784533109,641.704844924433,425.9151562962701,AARTIDRUGS.NS,2023-08-03 03:34:27.421295,0.33,220.97,0.2092618998175339,1.4552370283456924,0.3400838655259406,0.9071184191764132,3.01,-41.51,4.675644177801701,10.305485245079144,1.6557770612119214,3.107382883439577,15.62,391.43,21.18067112500336,20.71204436680275,0.6659744602732616,11.743995640867055,29.97,1381.97,33.71670109454425,26.64911220135285,20.781193269209105,22.99673334303043,30.83,-70.28,18.551067951822745,15.277318038886806,1.6489992664115505,9.709193122367523,48.82,404.6,47.18399175243388,37.40889988546094,51.61295607122405,31.64219349373988,44.64,947.85,33.881489967195705,26.36393494346108,27.31956652766121,27.117399368780585,30.90557338529573,26.38888888888889,26.38888888888889,24.34184473171996,27.292225788170256,27.292225788170256,24.34184473171996
Aarti Pharmalabs Limited,AARTIPHARM.NS,NSE,https://www.aartipharmalabs.com,"Aarti Pharmalabs Limited manufactures and sells active pharmaceutical ingredients, pharmaceutical intermediates, new chemical entities, and xanthine derivatives in India. The company was formerly known as Aarti Organics Limited. Aarti Pharmalabs Limited was incorporated in 2019 and is based in Mumbai, India.",Healthcare,Drug Manufacturers—Specialty & Generic,Not Found,Not Found,0.4,-0.192,90626000,21.67,31701059584,2023-07-31 20:26:47.475935,9.993847483,0.574583003,-16.59156863,,,1935671378.0,1434431601.0,,,0.686484617,46.35,14.97,27.89,24,2023-08-02,350.04998779296875,271085,345.73791911696577,350.9259252731854,-5.188006156219615,-7.679947716524044,48.93841309403551,22.364742445390625,348.4807113662995,343.55499877929685,347.66940948371484,343.55499877929685,9.551710025744852,353.1067088050417,334.003288753552,362.65841883078656,324.45157872780715,AARTIPHARM.NS,2023-08-03 03:34:27.421295,-0.06,67.98,0.8540874849633155,0.6229853900761064,-0.1563367568503011,-0.7919782205142205,3.21,147.88,4.620667749174061,1.9637841974356045,8.615049533717347,-6.25041610340126,4.07,138.51,6.414867625899774,0.1560760156788116,12.374365377469644,-9.452838316664645,-4.62,26.5,-7.3681650920450465,-13.388937039510973,6.1799186278958445,-11.15862458618322,-9.4,-54.2,-25.88281794161452,-24.742490822125323,-26.23789488969122,-18.77120359085767,21.44,-17.61,-5.188006156219615,-7.679947716524044,,,21.44,-17.61,-5.188006156219615,-7.679947716524044,,,16.153668103044243,26.38888888888889,26.38888888888889,24.34184473171996,27.292225788170256,27.292225788170256,24.34184473171996
Aarvee Denims and Exports Ltd.,AARVEEDEN.NS,NSE,https://www.aarveedenims.com,"Aarvee Denims and Exports Ltd. engages in the manufacture and sale of fabrics in India and internationally. It operates in two segments, Textile and Windmill. The company offers cotton fibers; cotton and texturized yarns; and denim and non-denim fabrics. It is also involved in the wind power generation business. The company was incorporated in 1988 and is headquartered in Ahmedabad, India.",FMCG,Textile Manufacturing,0.950814,Not Found,Not Found,-0.555,23459800,-28.51,518461600,2023-07-31 20:26:47.475935,1.076959551,-0.025488005,-0.181760829,-0.09835899,3.189614522,-25340000.0,278540000.0,-163773000.0,-10.07,-0.100413762,78.39,2.11,9.74,1,2023-08-02,23.200000762939453,246106,22.12364713765935,21.6010340884695,0.5226130491898502,0.4221415794248764,60.98149843958293,33.178408917060665,21.778156742692147,21.570000076293944,22.50863953630892,21.570000076293944,1.254822399125783,22.82482247541973,20.31517767716816,24.079644874545508,19.06035527804238,AARVEEDEN.NS,2023-08-03 03:34:27.421295,4.98,1118.89,0.0677833251842443,0.0251178674412434,6.259512534315043,1.8526320099237168,6.67,585.28,0.096405000489657,0.1257952339020369,7.181914152853636,6.845163690107235,2.2,-56.09,0.1780675844524921,0.4170306890801257,-2.0279586166361483,16.4936536186608,14.29,3053.59,0.7318699047756958,0.6148118797465097,14.75406866303956,19.62931229336836,3.11,945.61,0.1239168606133134,0.0406362719292802,4.721699983327483,4.447041414629034,-6.45,1184.21,0.4585978537030328,0.2681641745139627,14.47605084697856,6.7324623286106124,6.42,1353.32,0.2197834350388845,0.5644955838661017,-0.1465041061749374,-1.7729315918526254,-0.813749588317764,-0.813749588317764,-0.813749588317764,-0.813749588317764,-0.813749588317764,-0.813749588317764,-0.813749588317764
Aban Offshore Limited,ABAN.NS,NSE,https://www.abanoffshore.com,"Aban Offshore Limited, together with its subsidiaries, provides offshore drilling and production services to companies engaged in the exploration, development, and production of oil and gas in India and internationally. It offers exploratory, drilling, hydrocarbons production, and manning and management services. The company owns and operates various offshore drilling rigs, drill ships, and floating production units. It also engages in the ownership and operation of wind turbines for the generation of wind power. The company's wind farms are located at Radhapuram, Pazhavoor, and Kavalkinaru in Tirunelveli District, Tamil Nadu. Aban Offshore Limited was incorporated in 1986 and is based in Chennai, India.",Energy,Oil & Gas Drilling,1.093283,Not Found,Not Found,-0.314,58365300,-187.44,2425078272,2023-07-31 20:26:47.475935,11.47905277,0.106594914,-0.010875059,0.889171842,0.088292388,10863310000.0,5645470000.0,1671480000.0,186.14,-0.058144893,47.16,1.71,3.24,1,2023-08-02,40.09999847412109,151076,40.22880330549057,40.21343572130109,0.0153675841894838,-0.0786183490865309,49.05859900004548,21.72617659988827,40.215288624255685,40.2149995803833,40.42961230971871,40.2149995803833,0.761594585708058,40.97659416609136,39.45340499467524,41.73818875179941,38.69181040896719,ABAN.NS,2023-08-03 03:34:27.421295,-2.79,-31.0,-0.0143440804746006,0.0234964833190036,-10.777910456345069,-0.5739165726960671,1.52,134.4,0.2321029681868438,0.031727763830112,6.048083299985727,1.7597270974216208,0.75,91.03,0.1306467261762947,-0.1291830809925697,3.9076909330374434,-3.4424458148709114,0.0,8.38,-0.0915968200194115,-0.4200930339906453,0.2071344854507302,-10.520549581115093,2.17,74.09,-0.3460520591527611,-0.0559104240660997,-7.082781230955661,4.426742425857626,-12.16,55.27,0.8230742025597451,0.5663151417436865,10.142368818964968,13.722602385148711,-12.16,-29.02,0.2348470692423419,0.3280294562299572,-3.231554924051217,7.517862001979722,-0.21393511776633103,-0.21393511776633103,-0.21393511776633103,-0.21393511776633103,-0.21393511776633103,-0.21393511776633103,-0.21393511776633103
